id,name,email
1,Hewe Kettleson,hkettleson0@yellowpages.com
2,Hershel Hamerton,hhamerton1@rakuten.co.jp
3,Andonis Gatheral,agatheral2@dailymail.co.uk
4,Rolph Cocker,rcocker3@dmoz.org
5,Virgilio Keates,vkeates4@topsy.com
6,Rodrigo Jojic,rjojic5@adobe.com
7,Gunilla Whaley,gwhaley6@dailymotion.com
8,Sascha Juzek,sjuzek7@com.com
9,Price Culpan,pculpan8@booking.com
10,Tedie Woodford,twoodford9@nyu.edu
